keerthikaravi@gmail.com,keerthi,1001
moshmi@gmail.com,moshmi,1002
sneha@gmail.com,sneha,1003
ravi@gmail.com,ravi,1004
mani@gmail.com,mani,1005
lavanya@gmail.com,lavanya,1006